"Title","Description","URL","PublishedAt","Sentiment"
"Cryptocurrency market tumbles: $665M liquidated as Bitcoin falls","The crypto market experienced a significant downturn in the past 24 hours, with over $665 million in liquidations according to… Continue reading Cryptocurrency market tumbles: $665M liquidated as Bitcoin falls
The post Cryptocurrency market tumbles: $665M liq…","https://readwrite.com/cryptocurrency-market-tumbles-665m-liquidated-as-bitcoin-falls/","2024-07-05T10:49:55Z","0.30833333333333335"
"The U.S. Election Could Potentially Fuel the Next Crypto Bull Run – Could This Layer 2 Meme Coin Take the Lead?","The cryptocurrency market, including Bitcoin and Shiba Inu, is recovering strongly, which is a positive sign for new cryptocurrencies like… Continue reading The U.S. Election Could Potentially Fuel the Next Crypto Bull Run – Could This Layer 2 Meme Coin Take …","https://readwrite.com/the-u-s-election-could-potentially-fuel-the-next-crypto-bull-run-could-this-layer-2-meme-coin-take-the-lead/","2024-07-24T10:31:21Z","0.11385281385281384"
"Silicon Valley Hasn’t Embraced Trump. But It’s Wavering on Biden","Venture capitalists on both sides of the aisle suggest Silicon Valley is more anti-Biden than it is pro-Trump.","https://www.wired.com/story/silicon-valley-crypto-trump-biden-debate/","2024-07-11T09:30:00Z","0.5"
"Pepe Unchained Presale Raises Over $2 Million Despite Market Slump – Could This Be the Next 10x Crypto?","Despite a stagnant cryptocurrency market, Pepe Unchained, a new project with its own layer-2 blockchain, is experiencing a surge in… Continue reading Pepe Unchained Presale Raises Over $2 Million Despite Market Slump – Could This Be the Next 10x Crypto?
The p…","https://readwrite.com/pepe-unchained-presale-raises-over-2-million-despite-market-slump-could-this-be-the-next-10x-crypto/","2024-07-05T20:03:25Z","0.18409090909090908"
"AT&T Paid a Hacker $370,000 to Delete Stolen Phone Records","A security researcher who assisted with the deal says he believes the only copy of the complete dataset of call and text records of “nearly all” AT&T customers has been wiped—but some risks may remain.","https://www.wired.com/story/atandt-paid-hacker-300000-to-delete-stolen-call-records/","2024-07-14T17:57:27Z","0.06666666666666667"
"Elon Musk’s Support for Donald Trump Could Boost Dogecoin Price to $0.51","The cryptocurrency market is experiencing a pivotal moment, attempting to break free from a two-month consolidation phase. This movement is… Continue reading Elon Musk’s Support for Donald Trump Could Boost Dogecoin Price to $0.51
The post Elon Musk’s Support…","https://readwrite.com/elon-musks-support-for-donald-trump-could-boost-dogecoin-price-to-0-51/","2024-07-23T16:31:12Z","0.45"
"Crypto sees volatility after Joe Biden’s withdrawal","The cryptocurrency market witnessed significant turbulence shortly after U.S. President Joe Biden announced his withdrawal from the 2024 presidential election.… Continue reading Crypto sees volatility after Joe Biden’s withdrawal
The post Crypto sees volatili…","https://readwrite.com/crypto-sees-volatility-after-joe-bidens-withdrawal/","2024-07-22T16:22:34Z","0.1875"
"WazirX hacker swaps $150M of tokens to Ethereum","In a strategic move following the $235 million exploit of cryptocurrency exchange WazirX, the hacker has converted approximately $150 million… Continue reading WazirX hacker swaps $150M of tokens to Ethereum
The post WazirX hacker swaps $150M of tokens to Eth…","https://readwrite.com/wazirx-hacker-swaps-150m-of-tokens-to-ethereum/","2024-07-19T14:35:11Z","-0.2"
"Mt. Gox Moves Another $2.5B of Bitcoin","Mt. Gox, the defunct cryptocurrency exchange, has transferred 37,477 Bitcoin (BTC), valued at approximately $2.5 billion, to an unidentified wallet… Continue reading Mt. Gox Moves Another $2.5B of Bitcoin
The post Mt. Gox Moves Another $2.5B of Bitcoin appear…","https://readwrite.com/mt-gox-bitcoin-wallet-billion/","2024-07-25T03:21:08Z","-0.4"
"Germany’s Bitcoin Sell-Off Could Propel These 3 Meme Coins to Big Gains","As Germany approaches the end of its massive Bitcoin sell-off, the cryptocurrency market could be on the brink of one… Continue reading Germany’s Bitcoin Sell-Off Could Propel These 3 Meme Coins to Big Gains
The post Germany’s Bitcoin Sell-Off Could Propel Th…","https://readwrite.com/germanys-bitcoin-sell-off-could-propel-these-3-meme-coins-to-big-gains/","2024-07-15T14:22:41Z","0.0"
"BlockDAG Review ⭐⭐⭐⭐: Five Explosive Questions Transforming Crypto Mining","As the crypto world shifts towards greener solutions, BlockDAG is transforming the landscape of cryptocurrency mining with its forward-thinking and… Continue reading BlockDAG Review ⭐⭐⭐⭐: Five Explosive Questions Transforming Crypto Mining
The post BlockDAG R…","https://readwrite.com/blockdag-review-five-explosive-questions-transforming-crypto-mining/","2024-07-12T15:32:34Z","0.0"
"Base crypto donation platform launches for U.S. politicians","A novel blockchain-based donation platform has emerged, enabling United States politicians to receive cryptocurrency contributions via the Coinbase-developed Base network.… Continue reading Base crypto donation platform launches for U.S. politicians
The post …","https://readwrite.com/base-crypto-donation-platform-launches-for-u-s-politicians/","2024-07-23T14:15:24Z","-0.8000000000000002"
"Top 3 Meme Coins Primed for Takeoff as Market Shifts Bullish – $DAWGZ, $PEPU, and $SHIBASHOOT","The cryptocurrency market is currently experiencing a fearful sentiment, as reflected by the Fear and Greed Index. This index takes… Continue reading Top 3 Meme Coins Primed for Takeoff as Market Shifts Bullish – $DAWGZ, $PEPU, and $SHIBASHOOT
The post Top 3 …","https://readwrite.com/top-3-meme-coins-primed-for-takeoff-as-market-shifts-bullish-dawgz-pepu-and-shibashoot/","2024-07-13T20:30:32Z","0.12"
"3 Best Crypto Presales to Invest in Today – Altcoin Gems with 100x Potential for 2024","Established cryptos such as Bitcoin, Ethereum, and BNB are seeing ongoing declines, leading crypto investors to turn to altcoins in… Continue reading 3 Best Crypto Presales to Invest in Today – Altcoin Gems with 100x Potential for 2024
The post 3 Best Crypto …","https://readwrite.com/3-best-crypto-presales-to-invest-in-today-altcoin-gems-with-100x-potential-for-2024/","2024-06-29T13:48:26Z","0.5"
"Kamala Harris considers Bitcoin conference: blue crypto shift?","Recent developments suggest a possible realignment in political attitudes towards cryptocurrencies, with both Vice President Kamala Harris and former President… Continue reading Kamala Harris considers Bitcoin conference: blue crypto shift?
The post Kamala Ha…","https://readwrite.com/kamala-harris-considers-bitcoin-conference-blue-crypto-shift/","2024-07-25T03:27:10Z","0.0"
"Bitcoin surges following assassination attempt on Donald Trump","Bitcoin prices soared to a two-week high today, following yesterday’s shocking assassination attempt on former U.S. President and current presidential… Continue reading Bitcoin surges following assassination attempt on Donald Trump
The post Bitcoin surges fol…","https://readwrite.com/bitcoin-surges-following-assassination-attempt-on-donald-trump/","2024-07-15T14:10:28Z","-0.12"
"Bitcoin and wider crypto market tumbles as global stocks falter","Bitcoin (BTC) experienced a sharp 3% decline at the onset of Asian trading, mirroring a broader downturn in stock markets… Continue reading Bitcoin and wider crypto market tumbles as global stocks falter
The post Bitcoin and wider crypto market tumbles as glo…","https://readwrite.com/cryptocurrency-bitcoin-market-tumbles-as-global-stocks-falter/","2024-07-25T16:24:02Z","0.135"
"Bitcoin 2024 announces Donald Trump as speaker","The upcoming Bitcoin 2024 conference in Nashville, Tennessee, has added former U.S. President Donald Trump to its roster of speakers.… Continue reading Bitcoin 2024 announces Donald Trump as speaker
The post Bitcoin 2024 announces Donald Trump as speaker appe…","https://readwrite.com/bitcoin-2024-announces-donald-trump-as-speaker/","2024-07-11T16:19:23Z","0.0"
"Bitcoin surges past $68,000 amid continued ETF inflows","Bitcoin (BTC) breached the $68,000 resistance level during Sunday night trading in Eastern Standard Time, continuing its upward trajectory. According… Continue reading Bitcoin surges past $68,000 amid continued ETF inflows
The post Bitcoin surges past $68,000…","https://readwrite.com/bitcoin-surges-past-68000-amid-continued-etf-inflows/","2024-07-22T14:07:42Z","-0.1875"
"The $11 Billion Marketplace Enabling the Crypto Scam Economy","Deepfake scam services. Victim data. Electrified shackles for human trafficking. Crypto tracing firm Elliptic found all were available for sale on an online marketplace linked to Cambodia’s ruling family.","https://www.wired.com/story/pig-butchering-scam-crypto-huione-guarantee/","2024-07-10T07:00:00Z","0.03125"
"Craig Wright Faces Perjury Investigation Over Claims He Created Bitcoin","By order of a UK judge, Craig Wright can no longer claim he is the creator of bitcoin and now faces the prospect of criminal charges.","https://www.wired.com/story/craig-wright-perjury-bitcoin-trial/","2024-07-16T12:58:12Z","-0.4"
"New Pepe Alternative Surges in Presale, Nearing $3 Million Despite Bearish Market","As the crypto market takes a tumble, meme coins are taking a beating. But Pepe Unchained is bucking the trend.… Continue reading New Pepe Alternative Surges in Presale, Nearing $3 Million Despite Bearish Market
The post New Pepe Alternative Surges in Presale,…","https://readwrite.com/new-pepe-alternative-surges-in-presale-nearing-3-million-despite-bearish-market/","2024-07-09T15:38:39Z","0.13636363636363635"
"Pressure Grows in Congress to Treat Crypto Investigator Tigran Gambaryan, Jailed in Nigeria, as a Hostage","A new resolution echoes what 16 members of Congress have already said to the White House: It must do more to free one of the most storied crypto-focused federal agents in history.","https://www.wired.com/story/tigran-gambaryan-us-congress-resolution-hostage-nigeria/","2024-07-11T19:58:01Z","0.30727272727272725"
"Solana ETF Applications Show Huge Potential for Low-Cap Crypto Like This New P2E Meme Coin","If some experts believe that Solana ETF applications could impact Solana’s price, then it might also positively influence altcoins. When… Continue reading Solana ETF Applications Show Huge Potential for Low-Cap Crypto Like This New P2E Meme Coin
The post Sola…","https://readwrite.com/solana-etf-applications-show-huge-potential-for-low-cap-crypto-like-this-new-p2e-meme-coin/","2024-06-29T09:54:25Z","0.18571428571428575"
"Ethereum co-founder urges broader political perspective in crypto","Vitalik Buterin, Ethereum’s (ETH) co-founder, has cautioned against basing political allegiances solely on a candidate’s stance on cryptocurrency. In a… Continue reading Ethereum co-founder urges broader political perspective in crypto
The post Ethereum co-fo…","https://readwrite.com/ethereum-co-founder-vitalik-buterin-urges-broader-political-perspective-in-crypto/","2024-07-18T21:06:40Z","0.0"
"Coinbase launches all-in-one crypto wallet management app","Cryptocurrency exchange Coinbase has unveiled a new application designed to streamline wallet management and enhance user experience, particularly for crypto… Continue reading Coinbase launches all-in-one crypto wallet management app
The post Coinbase launche…","https://readwrite.com/coinbase-launches-all-in-one-crypto-wallet-management-app/","2024-07-12T13:48:11Z","0.1515151515151515"
"Jersey City Pension Fund to Invest in Bitcoin ETFs","Jersey City Mayor Steven Fulop announced on Thursday that the city’s municipal pension plan will soon invest in Bitcoin (BTC)… Continue reading Jersey City Pension Fund to Invest in Bitcoin ETFs
The post Jersey City Pension Fund to Invest in Bitcoin ETFs appe…","https://readwrite.com/jersey-city-pension-fund-to-invest-in-bitcoin-etfs/","2024-07-26T15:14:38Z","0.0"
"Crypto CEO steps down after posts endorsing political violence and deportations","Selkis claimed the shooting was an ‘inside job’ and called for ‘literal war’ against Trump’s detractors.","https://www.theverge.com/2024/7/19/24202046/ryan-selkis-messari-steps-down-donald-trump-x","2024-07-19T20:03:30Z","-0.07777777777777779"
"Spot Ethereum ETFs Set to Launch in US on July 23","The Securities and Exchange Commission (SEC) has approved spot Ethereum exchange-traded funds (ETFs) to begin trading in the United States… Continue reading Spot Ethereum ETFs Set to Launch in US on July 23
The post Spot Ethereum ETFs Set to Launch in US on J…","https://readwrite.com/spot-ethereum-etfs-set-to-launch-in-us-on-july-23/","2024-07-23T17:32:29Z","-0.1"
"$WIF and $BONK Prices Plummet – Opportunity to Buy the Dip or Time to Explore Alternative Meme Coins Like $PEPU?","The cryptocurrency market has seen a correction in recent weeks, with meme coins dogwifhat (WIF) and Bonk (BONK) being hit… Continue reading $WIF and $BONK Prices Plummet – Opportunity to Buy the Dip or Time to Explore Alternative Meme Coins Like $PEPU?
The p…","https://readwrite.com/wif-and-bonk-prices-plummet-opportunity-to-buy-the-dip-or-time-to-explore-alternative-meme-coins-like-pepu/","2024-07-13T19:37:33Z","0.0"
"Top 3 Meme Coin Presales Set for 100x Growth – $PEPU, $PLAY, and $MGMES","Buoyed by a surging crypto market and a Fear and Greed Index hovering at 64, investors are flocking to the… Continue reading Top 3 Meme Coin Presales Set for 100x Growth – $PEPU, $PLAY, and $MGMES
The post Top 3 Meme Coin Presales Set for 100x Growth – $PEPU,…","https://readwrite.com/top-3-meme-coin-presales-set-for-100x-growth-pepu-play-and-mgmes/","2024-07-22T08:42:12Z","0.5"
"Pepe Unchained’s Potential to Lead the Meme Coin Rally and Become the Next Big Crypto as Its ICO Surges Past $4 Million","As the crypto market shifts from fear to greed, now is the best time to consider Pepe Unchained as a… Continue reading Pepe Unchained’s Potential to Lead the Meme Coin Rally and Become the Next Big Crypto as Its ICO Surges Past $4 Million
The post Pepe Unchai…","https://readwrite.com/pepe-unchaineds-potential-to-lead-the-meme-coin-rally-and-become-the-next-big-crypto-as-its-ico-surges-past-4-million/","2024-07-19T15:05:53Z","0.05555555555555555"
"Mt Gox Begins Creditor Repayments in Bitcoin and Bitcoin Cash","The rehabilitation trustee of Mt. Gox, the defunct cryptocurrency exchange, announced on Friday that it has initiated repayments to some… Continue reading Mt Gox Begins Creditor Repayments in Bitcoin and Bitcoin Cash
The post Mt Gox Begins Creditor Repayments…","https://readwrite.com/mt-gox-begins-creditor-repayments-in-bitcoin-and-bitcoin-cash/","2024-07-05T11:01:57Z","0.0"
"Sony acquires crypto exchange Whalefin, plans for relaunch","Sony Corporation is set to enter the cryptocurrency market by relaunching Whalefin, a crypto exchange it acquired from Amber Group… Continue reading Sony acquires crypto exchange Whalefin, plans for relaunch
The post Sony acquires crypto exchange Whalefin, pl…","https://readwrite.com/sony-acquires-crypto-exchange-whalefin-plans-for-relaunch/","2024-07-01T15:43:44Z","0.0"
"US and German governments move $150M in crypto","Recent cryptocurrency transactions by the German and United States governments have caught the attention of the crypto community. Arkham Intelligence… Continue reading US and German governments move $150M in crypto
The post US and German governments move $150…","https://readwrite.com/us-and-german-governments-move-150m-in-crypto/","2024-07-01T16:11:14Z","0.0"
"The Hottest Meme Coins in Presale to Consider for Your Crypto Portfolio – WienerAI, Pepe Unchained, and PlayDoge","The meme coin sector is buzzing with excitement as three standout projects grab investor attention. WienerAI, nearing the close of… Continue reading The Hottest Meme Coins in Presale to Consider for Your Crypto Portfolio – WienerAI, Pepe Unchained, and PlayDo…","https://readwrite.com/the-hottest-meme-coins-in-presale-to-consider-for-your-crypto-portfolio-wienerai-pepe-unchained-and-playdoge/","2024-07-16T20:44:22Z","0.0"
"Pepe Token Price Drops, But New Pepe Themed Meme Coin Offers Potential Investment Opportunity","The PEPE token has been on a downward trend, slightly dropping in the past week and experiencing a significant 25%… Continue reading Pepe Token Price Drops, But New Pepe Themed Meme Coin Offers Potential Investment Opportunity
The post Pepe Token Price Drops,…","https://readwrite.com/pepe-token-price-drops-but-new-pepe-themed-meme-coin-offers-potential-investment-opportunity/","2024-07-14T14:41:23Z","0.047895622895622894"
"Current Market Rebound Will Lead These Three Meme Coins to Massive Gains – PlayDoge, Base Dawgz, and Pepe Unchained","The cryptocurrency market could be on the brink of a massive surge in prices, potentially leading to significant gains for… Continue reading Current Market Rebound Will Lead These Three Meme Coins to Massive Gains – PlayDoge, Base Dawgz, and Pepe Unchained
Th…","https://readwrite.com/current-market-rebound-will-lead-these-three-meme-coins-to-massive-gains-playdoge-base-dawgz-and-pepe-unchained/","2024-07-19T13:31:58Z","-0.13611111111111113"
"Top 5 Meme Coins with the Largest Potential for the Upcoming Bull Market","The current state of the cryptocurrency market indicates a notable level of fear among investors, evident in their behavior as… Continue reading Top 5 Meme Coins with the Largest Potential for the Upcoming Bull Market
The post Top 5 Meme Coins with the Larges…","https://readwrite.com/top-5-meme-coins-with-the-largest-potential-for-the-upcoming-bull-market/","2024-07-13T13:55:07Z","0.28125"
"Trending Chinese-Themed Meme Coin BIAO Price Analysis – Should You Buy, Sell, or Hold?","Biaoqing (BIAO) is a trending meme coin featuring the BIAO King Panda, a famous Asian meme now making its mark… Continue reading Trending Chinese-Themed Meme Coin BIAO Price Analysis – Should You Buy, Sell, or Hold?
The post Trending Chinese-Themed Meme Coin …","https://readwrite.com/trending-chinese-themed-meme-coin-biao-price-analysis-should-you-buy-sell-or-hold/","2024-07-14T13:37:15Z","0.25"
"VanEck SOL ETF Filing – Expert Predicts Solana Price’s Next Move","The crypto market saw major developments today that could signal a significant shift for the industry. VanEck has filed for… Continue reading VanEck SOL ETF Filing – Expert Predicts Solana Price’s Next Move
The post VanEck SOL ETF Filing – Expert Predicts Sol…","https://readwrite.com/vaneck-sol-etf-filing-expert-predicts-solana-prices-next-move/","2024-06-28T21:19:15Z","0.109375"
"US Presidential debate impacts political memecoin market","As President Joe Biden and former President Donald Trump engaged in a historic televised debate, politically-themed memecoins experienced price fluctuations.… Continue reading US Presidential debate impacts political memecoin market
The post US Presidential d…","https://readwrite.com/us-presidential-debate-impacts-political-memecoin-market/","2024-06-28T15:57:05Z","0.16"
"Cardano founder pitches Elon Musk decentralized solution for X’s woes","Following a recent hacking incident on X (formerly Twitter) affecting AI developer Ben Goertzel, Cardano (ADA) creator Charles Hoskinson has… Continue reading Cardano founder pitches Elon Musk decentralized solution for X’s woes
The post Cardano founder pitch…","https://readwrite.com/cardano-founder-pitches-elon-musk-decentralized-solution-for-xs-woes/","2024-07-17T16:23:56Z","0.0"
"Could This New AI Meme Coin Lead the Market Rebound When It Launches?","Despite all the challenges and negative news about crypto, investors remain optimistic about some altcoins that may lead a market… Continue reading Could This New AI Meme Coin Lead the Market Rebound When It Launches?
The post Could This New AI Meme Coin Lead…","https://readwrite.com/could-this-new-meme-coin-lead-the-market-rebound-when-it-launches/","2024-07-13T08:34:48Z","0.027272727272727268"
"Is a $500K Bitcoin Rally Possible? Crypto ETFs to Consider","Is it time to consider Bitcoin ETFs with optimistic price forecasts for the cryptocurrency on the horizon? Look into ETFs to capitalize on the positive...","https://finance.yahoo.com/news/500k-bitcoin-rally-possible-crypto-211400691.html","2024-07-02T21:14:00Z","0.11363636363636363"
"Tether launches USDT for Filipino social security contributions","Tether (USDT) has launched a new payment option in the Philippines, enabling citizens to pay their Social Security System (SSS)… Continue reading Tether launches USDT for Filipino social security contributions
The post Tether launches USDT for Filipino social…","https://readwrite.com/tether-launches-usdt-for-filipino-social-security-contributions/","2024-07-02T18:24:17Z","0.05909090909090908"
"Top 5 Meme Coin Projects to Buy Now Before the End of July","With Bitcoin back in the green, up 13% on the week at $66,000, and Ethereum seeing gains as ETFs prepare… Continue reading Top 5 Meme Coin Projects to Buy Now Before the End of July
The post Top 5 Meme Coin Projects to Buy Now Before the End of July appeared …","https://readwrite.com/top-5-meme-coin-projects-to-buy-now-before-the-end-of-july/","2024-07-20T19:19:59Z","0.26"
"Crypto Analyst Tips Top Meme Coins For Huge Gains By 2025 – PEPU, TREMP, SHIBASHOOT, TRUMP, WAI, POPCAT, DAWGZ, PLAY, MICHI, and WIF","As we move into the latter half of 2024, investors are seeking altcoins that have the potential to generate big… Continue reading Crypto Analyst Tips Top Meme Coins For Huge Gains By 2025 – PEPU, TREMP, SHIBASHOOT, TRUMP, WAI, POPCAT, DAWGZ, PLAY, MICHI, and …","https://readwrite.com/crypto-analyst-tips-top-meme-coins-for-huge-gains-by-2025-pepu-tremp-shibashoot-trump-wai-popcat-dawgz-play-michi-and-wif/","2024-07-18T15:10:41Z","0.23333333333333336"
"Will This Trending Meme Coin Presale Achieve a 20x Increase at Launch?","The crypto market anticipates big gains in the coming weeks, with experts predicting that MoonBag, a new trending meme coin… Continue reading Will This Trending Meme Coin Presale Achieve a 20x Increase at Launch?
The post Will This Trending Meme Coin Presale …","https://readwrite.com/will-this-trending-meme-coin-presale-see-a-20x-surge-at-launch/","2024-07-07T18:58:41Z","0.06818181818181818"
"Winklevoss twins donate $1M to challenge Elizabeth Warren","Tyler and Cameron Winklevoss, co-founders of cryptocurrency exchange Gemini, have each contributed $500,000 in Bitcoin (BTC) to support efforts to… Continue reading Winklevoss twins donate $1M to challenge Elizabeth Warren
The post Winklevoss twins donate $1M…","https://readwrite.com/winklevoss-twins-donate-1m-to-challenge-elizabeth-warren/","2024-07-19T14:04:26Z","0.0"
"Top Learn-to-Earn Token Presale Now Raises $2.3 Million – Next Big Thing in Crypto?","As Telegram’s Play-to-Earn games gain popularity, the altcoin 99Bitcoins aims to flip the trend with its Learn-to-Earn narrative, leading to… Continue reading Top Learn-to-Earn Token Presale Now Raises $2.3 Million – Next Big Thing in Crypto?
The post Top Lea…","https://readwrite.com/top-learn-to-earn-token-presale-now-raises-2-3-million-next-big-thing-in-crypto/","2024-07-07T10:03:26Z","0.21428571428571427"
"US Ethereum ETFs see net outflows on second trading day","On their second day of trading, United States-based spot Ethereum exchange-traded funds (ETFs) recorded net outflows of $113.3 million, according… Continue reading US Ethereum ETFs see net outflows on second trading day
The post US Ethereum ETFs see net outfl…","https://readwrite.com/us-ethereum-etfs-see-net-outflows-on-second-trading-day/","2024-07-25T16:37:37Z","0.0"
"A Tiny Texas Village Is About To Annex a Gigantic Bitcoin Mine","In a roundabout bid to win public opinion (and a juicy tax abatement,) Riot Platforms is preparing for its prized bitcoin mine to be annexed by a miniscule village in rural Texas.","https://www.wired.com/story/a-tiny-texas-hamlet-is-about-to-annex-an-industrial-scale-bitcoin-mine/","2024-07-16T11:30:00Z","0.2"
"Analysts Predict Bullish Trends for Meme Coins, and This P2E Presale is Poised for Major Gains","Crypto expert ClayBro analyzes a new P2E presale positioned to capitalize on the resurgent meme coin trend. While the broader… Continue reading Analysts Predict Bullish Trends for Meme Coins, and This P2E Presale is Poised for Major Gains
The post Analysts Pr…","https://readwrite.com/analysts-predict-bullish-trends-for-meme-coins-and-this-p2e-presale-is-poised-for-major-gains/","2024-07-09T17:28:36Z","0.08712121212121211"
"Pepe-Inspired Token Sees Strong Demand as Presale Explodes Past $1 Million","Pepe Unchained (PEPU) marks a significant milestone. Built on the Ethereum blockchain, this new project, $PEPU, introduces its own Layer-2… Continue reading Pepe-Inspired Token Sees Strong Demand as Presale Explodes Past $1 Million
The post Pepe-Inspired Toke…","https://readwrite.com/pepe-inspired-token-sees-strong-demand-as-presale-explodes-past-1-million/","2024-06-28T22:21:34Z","0.21114718614718614"
"$170 Billion Selloff in Cryptocurrencies Friday as Mt. Gox Payout Looms","At one point on Friday the entire cryptocurrency market shed more than $170 billion in capitalization within 24 hours, CNBC reported (citing data from CoinGecko). 

""Cryptocurrencies plunged... as investors focused on the payout of nearly $9 billion to users …","https://slashdot.org/story/24/07/07/1546226/170-billion-selloff-in-cryptocurrencies-friday-as-mt-gox-payout-looms","2024-07-07T16:34:00Z","0.19999999999999998"
"Play-to-Earn Mobile Game with Virtual Doge Pets and Staking Rewards Poised for 1000x Gains","PlayDoge, a novel project in the crypto space, recently reached a notable milestone by raising over $5.2 million during its… Continue reading Play-to-Earn Mobile Game with Virtual Doge Pets and Staking Rewards Poised for 1000x Gains
The post Play-to-Earn Mobi…","https://readwrite.com/play-to-earn-mobile-game-with-virtual-doge-pets-and-staking-rewards-poised-for-1000x-gains/","2024-06-30T16:40:35Z","-0.07500000000000001"
"German government continues Bitcoin transfers to exchanges","On Tuesday (July 9), the German government transferred $339.2 million worth of Bitcoin (BTC) to various centralized crypto exchanges and… Continue reading German government continues Bitcoin transfers to exchanges
The post German government continues Bitcoin …","https://readwrite.com/german-government-continues-bitcoin-transfers-to-exchanges/","2024-07-10T10:50:02Z","0.049999999999999996"
"Hong Kong to adapt crypto regulations to evolving industry","Hong Kong’s financial regulators are prepared to adjust their approach to cryptocurrency regulation as the industry develops, according to Finance… Continue reading Hong Kong to adapt crypto regulations to evolving industry
The post Hong Kong to adapt crypto …","https://readwrite.com/hong-kong-to-adapt-crypto-regulations-to-evolving-industry/","2024-07-03T19:46:31Z","0.0"
"Top Meme Coins to Watch During a Bear Market – dogwifhat, PlayDoge, and Pepe Unchained","Dogecoin (DOGE) remains the undisputed king of the meme coin space with a staggering $14 billion market cap, but challengers… Continue reading Top Meme Coins to Watch During a Bear Market – dogwifhat, PlayDoge, and Pepe Unchained
The post Top Meme Coins to Wa…","https://readwrite.com/top-meme-coins-to-watch-during-a-bear-market-dogwifhat-playdoge-and-pepe-unchained/","2024-07-08T12:41:58Z","0.5"
"Top 5 Meme Coins to Buy in July – Next 100x Crypto Gems?","The overall market is slightly up today, and meme coins are also rising, offering exciting chances for big gains. The… Continue reading Top 5 Meme Coins to Buy in July – Next 100x Crypto Gems?
The post Top 5 Meme Coins to Buy in July – Next 100x Crypto Gems? …","https://readwrite.com/top-5-meme-coins-to-buy-in-july-next-100x-crypto-gems/","2024-07-17T08:01:18Z","0.16333333333333333"
"Mt. Gox moves nearly $2.7 billion in bitcoin, signaling anticipated payouts","On Tuesday, a significant Bitcoin (BTC) movement occurred from addresses associated with Mt. Gox, the defunct cryptocurrency exchange. At 8:12… Continue reading Mt. Gox moves nearly $2.7 billion in bitcoin, signaling anticipated payouts
The post Mt. Gox moves…","https://readwrite.com/mt-gox-bitcoin-payments-address-kraken-distributions/","2024-07-16T21:12:27Z","0.19166666666666665"
"Best Altcoin to Buy During a Bear Market – Next 100X Meme Coin Gem?","The cryptocurrency market is down, with PEPE crashing and the sentiment turning towards a bear market. However, a new 100x… Continue reading Best Altcoin to Buy During a Bear Market – Next 100X Meme Coin Gem?
The post Best Altcoin to Buy During a Bear Market …","https://readwrite.com/best-altcoin-to-buy-during-a-bear-market-next-100x-meme-coin-gem/","2024-07-08T17:16:27Z","0.42582972582972584"
"Long-dormant Bitcoin wallet awakens, moves $60M","On Sunday, a Bitcoin wallet that had been inactive for nearly 12 years suddenly sprang to life, transferring 1,000 BTC… Continue reading Long-dormant Bitcoin wallet awakens, moves $60M
The post Long-dormant Bitcoin wallet awakens, moves $60M appeared first on…","https://readwrite.com/long-dormant-bitcoin-wallet-awakens-moves-60m/","2024-07-15T14:18:34Z","0.11666666666666665"
"Best Meme Coins to Buy Now with Potential for 100x Returns","Investors widely regard meme coins as one of the fastest-growing cryptos of 2024, making them a popular investment option. Here… Continue reading Best Meme Coins to Buy Now with Potential for 100x Returns
The post Best Meme Coins to Buy Now with Potential for…","https://readwrite.com/best-meme-coins-to-buy-now-with-potential-for-100x-returns/","2024-07-14T07:56:03Z","0.4375"
"The 99Bitcoins ICO Ends on August 6th – Top Crypto to Watch in 2024?","New high-potential crypto 99Bitcoins (99BTC) has announced its presale closing date on August 6th at 2PM UTC, signaling to investors… Continue reading The 99Bitcoins ICO Ends on August 6th – Top Crypto to Watch in 2024?
The post The 99Bitcoins ICO Ends on Aug…","https://readwrite.com/the-99bitcoins-ico-ends-on-august-6th-top-crypto-to-watch-in-2024/","2024-07-25T14:59:40Z","0.37878787878787873"
"Best Multi-Chain Altcoin for High Returns in the Next Bull Run","Even with some challenges, the bullish market provides great opportunities for investors, especially with new presales like Base Dawgz, which… Continue reading Best Multi-Chain Altcoin for High Returns in the Next Bull Run
The post Best Multi-Chain Altcoin fo…","https://readwrite.com/best-multi-chain-altcoin-for-high-returns-in-the-next-bull-run/","2024-07-23T18:06:27Z","0.3142148760330578"
"Top 4 GameFi Tokens to Watch in 2024 – The Meme Games, Notcoin, Floki, and Sandbox","The GameFi sector is rapidly gaining traction, blending the thrill of gaming with the potential for high financial rewards. Today,… Continue reading Top 4 GameFi Tokens to Watch in 2024 – The Meme Games, Notcoin, Floki, and Sandbox
The post Top 4 GameFi Token…","https://readwrite.com/top-4-gamefi-tokens-to-watch-in-2024-the-meme-games-notcoin-floki-and-sandbox/","2024-07-22T03:47:41Z","0.27666666666666667"
"WAI Meme Token ICO Now Hits $7 Million – Next Big AI Coin of 2024?","Despite some meme coins currently struggling to rebound, WienerAI (WAI) continues to impress in its ICO phase, surpassing the $7… Continue reading WAI Meme Token ICO Now Hits $7 Million – Next Big AI Coin of 2024?
The post WAI Meme Token ICO Now Hits $7 Milli…","https://readwrite.com/wai-meme-token-ico-now-hits-7-million-next-big-ai-coin-of-2024/","2024-07-04T13:50:11Z","0.0"
"FLOKI Price Analysis July 2024 – Could It Be the Top Meme Coin in This Coming Bull Run?","Despite recent dips in prices across the crypto market, Floki (FLOKI) stands out as a top crypto investment in the… Continue reading FLOKI Price Analysis July 2024 – Could It Be the Top Meme Coin in This Coming Bull Run?
The post FLOKI Price Analysis July 202…","https://readwrite.com/floki-july-2024-technical-analysis-could-it-be-the-top-meme-coin-in-this-coming-bull-run/","2024-07-07T13:33:02Z","0.375"
"dogwifhat Price Prediction – Will WIF Hit $10 by Year’s End?","With dogwifhat (WIF) price battling bearish pressure, experts are predicting whether WIF will reach $10 by the end of the… Continue reading dogwifhat Price Prediction – Will WIF Hit $10 by Year’s End?
The post dogwifhat Price Prediction – Will WIF Hit $10 by …","https://readwrite.com/dogwifhat-price-prediction-will-wif-hit-10-by-years-end/","2024-07-25T18:25:00Z","0.0"
"Meme Coin with AI-Powered Trading Tools Hits $7M in Presale – Could This Be the Next Crypto to Explode?","WienerAI, a new project with AI-powered trading tools, is shaking things up in the meme coin space, proving innovation thrives… Continue reading Meme Coin with AI-Powered Trading Tools Hits $7M in Presale – Could This Be the Next Crypto to Explode?
The post M…","https://readwrite.com/meme-coin-with-ai-powered-trading-tools-hits-7m-in-presale-could-this-be-the-next-crypto-to-explode/","2024-07-06T09:00:15Z","0.04545454545454545"
"Grayscale unveils new fund focused on AI cryptos","Grayscale Investments has introduced its latest offering: the Decentralized AI Fund, targeting artificial intelligence protocols within the cryptocurrency space. According… Continue reading Grayscale unveils new fund focused on AI cryptos
The post Grayscale u…","https://readwrite.com/grayscale-unveils-new-fund-focused-on-ai-cryptos/","2024-07-18T16:58:35Z","0.04318181818181818"
"5.7 Trillion SHIB Volume Spike Signals Potential Shiba Inu Price Rally and Bullish Trend for Altcoins","Recent bullish news about Shiba Inu’s 5.7 trillion SHIB volume spike may boost SHIB’s price and indicate a potential bullish… Continue reading 5.7 Trillion SHIB Volume Spike Signals Potential Shiba Inu Price Rally and Bullish Trend for Altcoins
The post 5.7 T…","https://readwrite.com/5-7-trillion-shib-volume-spike-signals-potential-shiba-inu-price-rally-and-bullish-trend-for-altcoins/","2024-07-16T16:21:23Z","0.0"
"Bitcoin is Legit, BlackRock's Larry Fink Says","Speaking of crypto, BlackRock's co-founder and CEO Larry Fink is now embracing crypto more than ever. From a report: In an interview with CNBC on Monday, he mentioned that he had abandoned his initial skepticism of cryptocurrencies like Bitcoin. He now firmly…","https://tech.slashdot.org/story/24/07/16/1712202/bitcoin-is-legit-blackrocks-larry-fink-says","2024-07-16T17:25:00Z","0.25"
"Republican party vows to end ‘crypto crackdown’","GOP organization Republican National Committee has unveiled a new platform that strongly supports crypto innovation, as revealed in a document released… Continue reading Republican party vows to end ‘crypto crackdown’
The post Republican party vows to end ‘cr…","https://readwrite.com/republicans-vows-to-end-crypto-crackdown/","2024-07-09T08:58:12Z","0.2848484848484848"
"Mark Cuban says Silicon Valley's bet on Trump is a 'Bitcoin play'","Cuban said that tech executives aren't drawn to Trump because he is a ""far stronger proponent of crypto"" but for his policies which will drive prices.","https://www.businessinsider.com/mark-cuban-silicon-valley-bet-on-trump-bitcoin-play-2024-7","2024-07-18T03:36:14Z","0.1"
"Mt. Gox to repay investors in Bitcoin","Mt. Gox, once the world’s leading Bitcoin (BTC) exchange, is set to begin repaying investors using Bitcoin and Bitcoin Cash (BCH).… Continue reading Mt. Gox to repay investors in Bitcoin
The post Mt. Gox to repay investors in Bitcoin appeared first on ReadWri…","https://readwrite.com/mt-gox-to-repay-investors-in-bitcoin/","2024-07-08T16:29:11Z","0.25"
"BlockDAG’s CGI Video Display Spurs Presale Beyond $58.5M Regardless of Filecoin Bullish Trend & TRON Network Expansion","The cryptocurrency sector is experiencing unconventional developments. Recently, BlockDAG released a promo video that highlighted its unprecedented transaction speed. This… Continue reading BlockDAG’s CGI Video Display Spurs Presale Beyond $58.5M Regardless o…","https://readwrite.com/blockdags-cgi-video-display-spurs-presale-beyond-58-5m-regardless-of-filecoin-bullish-trend-tron-network-expansion/","2024-07-17T12:46:45Z","0.3"
"Top Meme Coin Presales with Potential for 100x Returns in the Next Bull Market","A new wave of crypto projects is set to disrupt the market this year, offering investors a chance to grow… Continue reading Top Meme Coin Presales with Potential for 100x Returns in the Next Bull Market
The post Top Meme Coin Presales with Potential for 100x …","https://readwrite.com/top-meme-coin-presales-with-potential-for-100x-returns-in-the-next-bull-market/","2024-07-20T12:12:40Z","0.1818181818181818"
"Ethereum Price Prediction July 2024 and a New Multi-Chain Presale Opportunity","Ethereum is currently facing strong selling pressure, and the bearish momentum is evident. This prompts the question: what are the… Continue reading Ethereum Price Prediction July 2024 and a New Multi-Chain Presale Opportunity
The post Ethereum Price Predicti…","https://readwrite.com/ethereum-price-prediction-july-2024-and-a-new-multi-chain-presale-opportunity/","2024-07-10T08:39:19Z","0.1912121212121212"
"Coinbase expands board with former OpenAI exec, clinton aide","Leading US cryptocurrency exchange Coinbase has appointed three new members to its board of directors, expanding the board from seven… Continue reading Coinbase expands board with former OpenAI exec, clinton aide
The post Coinbase expands board with former Op…","https://readwrite.com/coinbase-expands-board-with-former-openai-exec-clinton-aide/","2024-07-26T14:30:42Z","0.03409090909090909"
"The Hottest Learn-to-Earn Crypto Presale Raises $2.5 Million – Next 100x Crypto Gem?","The 99Bitcoins presale offers a great investment chance, driven by its Learn-to-Earn model and big staking rewards for early investors.… Continue reading The Hottest Learn-to-Earn Crypto Presale Raises $2.5 Million – Next 100x Crypto Gem?
The post The Hottest…","https://readwrite.com/the-hottest-learn-to-earn-crypto-presale-raises-2-5-million-next-100x-crypto-gem/","2024-07-22T16:04:07Z","0.16666666666666666"
"The Morning After: The US Treasury finalizes tax rules for crypto","Welcome to the first day of July. Summer is here in earnest, but let me keep you, briefly, indoors with tales of finalized rules for crypto in the US, and how Lego is making bricks from stardust. 
A new rule finalized by the US Treasury Department will ensure…","https://consent.yahoo.com/v2/collectConsent?sessionId=1_cc-session_b1149582-db32-47ed-9766-c58a35b867a0","2024-07-01T11:15:34Z","0.2965909090909091"
"Ethereum launches $2M ‘Attackathon’ security audit","Ethereum’s (ETH) Ethereum Foundation is initiating its first hackathon, dubbed “Attackathon,” with a $2 million reward pool. According to a… Continue reading Ethereum launches $2M ‘Attackathon’ security audit
The post Ethereum launches $2M ‘Attackathon’ secur…","https://readwrite.com/ethereum-launches-2m-attackathon-security-audit/","2024-07-09T09:53:35Z","0.25"
"Shiba Inu Price Prediction and a New Multi-Chain Meme Coin Poised for 100x Growth at Launch","As meme coins recover, many predictions are emerging about how high their prices could rise, similar to expert predictions for… Continue reading Shiba Inu Price Prediction and a New Multi-Chain Meme Coin Poised for 100x Growth at Launch
The post Shiba Inu Pri…","https://readwrite.com/shiba-inu-price-prediction-and-a-new-multi-chain-meme-coin-poised-for-100x-growth-at-launch/","2024-07-26T09:39:54Z","0.18654545454545454"
"RFK Jr. Says He'd Direct the Government to Buy $615 Billion in Bitcoin or 4 Million Bitcoins","US presidential candidate, Robert F. Kennedy Jr., announced during his keynote Friday at the Bitcoin Conference that he would direct the US government to buy Bitcoin until the size of its Bitcoin reserves matched its gold reserves. At current prices, that equ…","https://news.slashdot.org/story/24/07/26/239214/rfk-jr-says-hed-direct-the-government-to-buy-615-billion-in-bitcoin-or-4-million-bitcoins","2024-07-26T23:03:00Z","0.06666666666666667"
"Could This New High-Utility Meme Coin Be the Next Big Investment Opportunity?","Shiba Shootout stands out as a thrilling presale venture influenced by the Shiba Inu meme coin but with an innovative… Continue reading Could This New High-Utility Meme Coin Be the Next Big Investment Opportunity?
The post Could This New High-Utility Meme Coi…","https://readwrite.com/could-this-new-high-utility-meme-coin-be-the-next-big-investment-opportunity/","2024-07-08T13:23:33Z","0.08238636363636363"
"Pepe Unchained Layer 2 Blockchain Fuels Meme Coin Surge with Its Successful Presale","The Pepe meme has seen a remarkable resurgence, coinciding with the launch of Pepe Unchained, a groundbreaking new entrant in… Continue reading Pepe Unchained Layer 2 Blockchain Fuels Meme Coin Surge with Its Successful Presale
The post Pepe Unchained Layer 2…","https://readwrite.com/pepe-unchained-layer-2-blockchain-fuels-meme-coin-surge-with-its-successful-presale/","2024-06-30T18:10:47Z","0.5965909090909091"
"The Newest Learn-to-Earn Crypto to Watch in the Next Altcoin Season","As we look towards the next altcoin season, one project stands out with its bullish potential: the 99Bitcoins token. This… Continue reading The Newest Learn-to-Earn Crypto to Watch in the Next Altcoin Season
The post The Newest Learn-to-Earn Crypto to Watch i…","https://readwrite.com/the-newest-learn-to-earn-crypto-to-watch-in-the-next-altcoin-season/","2024-07-17T14:39:39Z","0.0"
"Pepe Unchained Meme Token ICO Hits $2 Million – Could PEPU See a Post-Launch Surge Like PEPE?","Recent market turbulence, including the drop of some established coins, has driven investors to shift their attention to altcoins like… Continue reading Pepe Unchained Meme Token ICO Hits $2 Million – Could PEPU See a Post-Launch Surge Like PEPE?
The post Pep…","https://readwrite.com/pepe-unchained-meme-token-ico-hits-2-million-could-pepu-see-a-post-launch-surge-like-pepe/","2024-07-03T12:27:05Z","0.0"
"Pepe-Themed Meme Coin Launching Soon with Its Own Blockchain Features","Pepe Unchained is a new meme coin aiming to emulate the success of predecessors like Pepe and other successful meme… Continue reading Pepe-Themed Meme Coin Launching Soon with Its Own Blockchain Features
The post Pepe-Themed Meme Coin Launching Soon with Its …","https://readwrite.com/pepe-themed-meme-coin-launching-soon-with-its-own-blockchain-features/","2024-07-26T06:58:16Z","0.3768939393939394"
"Last Chance To Buy – Kai Cat Coin Presale Price ($KAI) Ends Tomorrow!","Today is the last day altcoin gem hunters eager for another Web3 heist can purchase Kai Cat Coin (KAI) tokens… Continue reading Last Chance To Buy – Kai Cat Coin Presale Price ($KAI) Ends Tomorrow!
The post Last Chance To Buy – Kai Cat Coin Presale Price ($KA…","https://readwrite.com/last-chance-to-buy-kai-cat-coin-presale-price-kai-ends-tomorrow/","2024-06-28T23:00:35Z","0.0"
"5 Best Meme Coins to Buy During the Market Dip – PEPU, WAI, PLAY, SHIBASHOOT, and DAWGZ","The overall market downturn this month prompted investors to seek altcoins that they could potentially buy during this market dip.… Continue reading 5 Best Meme Coins to Buy During the Market Dip – PEPU, WAI, PLAY, SHIBASHOOT, and DAWGZ
The post 5 Best Meme C…","https://readwrite.com/5-best-meme-coins-to-buy-during-the-market-dip-pepu-wai-play-shibashoot-and-dawgz/","2024-07-11T10:59:38Z","0.6"
"Notcoin’s Bullish Signs Point to Potential Price Surge as New AI-Powered Project Hits $7 Million Milestone","The recent cryptocurrency market downturn has severely impacted Notcoin (NOT), causing its price to decline by a substantial 63.8% from… Continue reading Notcoin’s Bullish Signs Point to Potential Price Surge as New AI-Powered Project Hits $7 Million Mileston…","https://readwrite.com/notcoins-bullish-signs-point-to-potential-price-surge-as-new-ai-powered-project-hits-7-million-milestone/","2024-07-06T10:33:44Z","0.05454545454545454"
"South Korean crypto exchanges initiate token review","A consortium of 20 South Korean cryptocurrency exchanges has launched a six-month review of 1,333 digital assets to address concerns… Continue reading South Korean crypto exchanges initiate token review
The post South Korean crypto exchanges initiate token re…","https://readwrite.com/south-korean-crypto-exchanges-initiate-token-review/","2024-07-03T17:25:17Z","0.0"
"Can Pepe Achieve a 3X Surge to $15 Billion Market Cap Amid the New Pepe-Themed Presale Frenzy?","Pepe, the popular meme coin, has experienced a significant surge, rallying an impressive 43% in just a week. This strong… Continue reading Can Pepe Achieve a 3X Surge to $15 Billion Market Cap Amid the New Pepe-Themed Presale Frenzy?
The post Can Pepe Achieve…","https://readwrite.com/can-pepe-achieve-a-3x-surge-to-15-billion-market-cap-amid-the-new-pepe-themed-presale-frenzy/","2024-07-20T18:39:09Z","0.5079545454545454"
"Chimpzee Helps You Earn While Saving the Environment and Animals: Here’s How","Chimpzee is a project with a mission. It allows users to earn income while helping to protect the environment and animals.… Continue reading Chimpzee Helps You Earn While Saving the Environment and Animals: Here’s How
The post Chimpzee Helps You Earn While Sa…","https://readwrite.com/chimpzee-helps-you-earn-while-saving-the-environment-and-animals-heres-how/","2024-07-21T02:54:32Z","0.0"
"Spot Ether ETFs will begin trading soon. Here's why it can surpass Bitcoin.","This week, the cryptocurrency world will see the launch of spot Ether exchange-traded funds (ETFs), which will let investors put their bets on Ether – the second largest cryptocurrency by market capitalization – in the form of stocks.Read more...","https://qz.com/spot-ether-etfs-begin-trading-1851601188","2024-07-22T04:20:00Z","0.25"
"New Play-to-Earn Meme Token Approaching $6 Million Presale Mark, Features Million-Dollar Gaming Rewards","The cryptocurrency market is experiencing a resurgence, and amidst this positive trend, PlayDoge has emerged as a standout project. Currently… Continue reading New Play-to-Earn Meme Token Approaching $6 Million Presale Mark, Features Million-Dollar Gaming Rew…","https://readwrite.com/new-play-to-earn-meme-token-approaching-6-million-presale-mark-features-million-dollar-gaming-rewards/","2024-07-26T09:03:27Z","0.1"
